id;name;description;created_on;updated_on
1;Fresh Manager;../fake-data/blob/hipster.txt;2021-11-21T21:26:23;2021-11-21T06:14:26
2;Peso Togo;../fake-data/blob/hipster.txt;2021-11-21T13:03:27;2021-11-21T20:48:05
3;Concrete Concrete;../fake-data/blob/hipster.txt;2021-11-21T05:02:20;2021-11-21T04:27:49
4;Bike blockchains;../fake-data/blob/hipster.txt;2021-11-22T00:00:57;2021-11-21T16:54:29
5;Colorado;../fake-data/blob/hipster.txt;2021-11-21T10:44:57;2021-11-21T22:03:59
6;THX pricing Interactions;../fake-data/blob/hipster.txt;2021-11-21T02:58:00;2021-11-21T17:07:59
7;Architect Supervisor utilize;../fake-data/blob/hipster.txt;2021-11-21T15:39:54;2021-11-21T13:46:06
8;Directives orchid JSON;../fake-data/blob/hipster.txt;2021-11-21T23:59:31;2021-11-21T09:51:14
9;withdrawal invoice;../fake-data/blob/hipster.txt;2021-11-22T00:20:37;2021-11-21T14:59:32
10;benchmark;../fake-data/blob/hipster.txt;2021-11-21T10:19:59;2021-11-21T10:58:15
