id;name;description
1;Data Avon;../fake-data/blob/hipster.txt
2;clicks-and-mortar generate innovate;../fake-data/blob/hipster.txt
3;parsing Spurs;../fake-data/blob/hipster.txt
4;Palladium;../fake-data/blob/hipster.txt
5;connecting program;../fake-data/blob/hipster.txt
6;Automotive National;../fake-data/blob/hipster.txt
7;Kazakhstan Madagascar Wooden;../fake-data/blob/hipster.txt
8;Slovenia Dam transparent;../fake-data/blob/hipster.txt
9;Assurance;../fake-data/blob/hipster.txt
10;Pants;../fake-data/blob/hipster.txt
